"Net_demand","result.1","result.2","result.3","result.4","result.5","result.6","result.7","result.8","result.9"
40596.9791666667,40567.5988647039,40413.9922633257,40860.7828817936,40987.2869951373,40913.7751145663,40526.6576522899,41026.2016486976,40252.0527025334,40086.0309724229
35496.3333333333,35922.3094398569,36299.36782543,35849.1131582351,36089.6033048927,35489.9891781826,36113.8423403976,35684.2960358379,35683.2325497591,35495.2619622423
32913.1875,34041.725953185,33896.3146542924,33962.671799888,33533.6015390777,33603.7644557101,33830.5629595465,33950.9961698091,33836.5837135196,33899.1656601919
38491.2083333333,39738.4882521287,39593.3572539927,40036.0292553836,39807.0430651739,40092.8755227682,39655.3830717244,39686.9292920956,39287.8956019599,39356.0402082036
39991.2291666667,40143.1540919247,40802.3443282734,41049.9785194234,40404.0375997335,40354.5319755306,40795.1680143043,40753.9836834844,39949.8999282547,39632.0936775333
40000.8541666667,39931.760100666,40638.5611299725,40061.0105059915,40500.6126273402,40212.5047511226,40321.0452743929,39854.038171614,39680.9559766436,39712.0905607489
36224.75,38490.4391236344,38998.1799637636,38473.3090945071,38608.0415786972,38022.9431223875,38727.2808243087,38310.9374351326,37813.8985215443,37681.9855274062
33317.8958333333,35020.3181244313,35324.949415857,35441.3031291874,35122.8022213241,34623.4764009005,34661.9841976986,35135.0529176959,34231.6763152015,33737.0332313991
32888.2083333333,34084.2391982512,35521.5425926596,34671.4994122655,34769.5239609711,34238.8888676392,33537.9142232024,33762.202100906,34521.9716731758,33389.1825411649
33371.3125,33145.9990896254,33316.2853225703,33207.7124246019,33296.5400106981,32825.5119704084,33519.5459356342,32802.6710424153,32834.0550384976,33627.8425340994
38807.9791666667,40194.3094083483,40251.9085580334,39957.8571542906,40198.8498245761,40074.5422110856,40264.2081221451,39615.5861719049,39620.4643045012,39834.1615731909
41194.3541666667,41189.1244786344,40450.3632006563,41155.2961799719,41075.5801392689,41632.9372385861,41333.7342214468,40876.9693997774,40787.6205894992,40622.7365576788
40933.4583333333,41563.9367011671,42084.4335585822,41845.2990736045,42143.9352043649,41303.6559068761,42081.6161744,40956.142473589,41288.8565038334,41072.2071782143
40659.5625,40679.6688844614,41095.975141745,41174.5341267942,40953.1293689834,40495.6725565145,40982.0152909457,40373.5970806497,40780.251019385,40269.4571008779
37828.6875,37540.3552668602,38476.0475596886,38145.9286091577,38165.5459238608,37032.9832055128,38404.7277738516,37696.5156231021,37710.2133968972,37946.5654098006
31297.7916666667,33647.9516706362,33966.4268738404,33987.2270978559,32873.7711893827,33022.5471425179,32422.8967633015,32768.9165680683,33025.6629967849,33270.6738866533
30686.4583333333,31281.450501778,31033.7207010765,31257.2624004369,31180.327287149,30916.4265156759,30674.4536508765,30763.8935942989,31352.7387840259,31917.1845225748
37698.5416666667,37968.8199032688,38553.5903010157,38388.0197635488,37815.5003043719,38093.9182564037,37347.4936147133,37469.3002011806,37486.2066027189,37867.859913759
39634.0833333333,40271.9250961294,40820.2923224063,40923.6867112687,40217.9260814889,40480.6530446105,40078.0314932928,40386.7267730361,39508.1439194651,40045.2558816149
39512.4375,40315.3107632933,40371.7126301197,40960.5882778763,40669.5425101156,40378.3310424089,40049.5779138439,40616.0129477467,39739.6658136063,40187.324353587
40840.7708333333,40899.3660838442,41448.3730244438,41427.0685835642,41138.8165335238,41824.342244418,41173.1560129795,41907.7320098046,40175.1345168708,41488.2805287058
42086.625,41230.4899490909,41998.285325913,41947.9325038975,41745.8799178941,42367.7013988616,41342.1207353044,42146.0869619495,40561.2556875212,41728.0439192027
36698.625,37651.5884689059,37903.2632705551,37794.4196142103,37973.8682263182,37026.5113322643,36716.6526033573,37377.0256398359,37574.4360945996,37397.1097046135
33634.9166666667,35595.8844373632,35674.2598302595,35587.7386092399,35132.1687898615,35042.7596021778,34591.9411837984,34811.3920798426,34622.4211083658,35100.3347001485
35443.3541666667,37412.9645443908,37595.2414244666,37181.0880574842,37547.3559509023,36662.7022888485,37336.9086776748,36872.250963322,36360.6482220803,36600.4171744015
36628.8125,37338.000421523,36920.1766153913,36925.113005862,37498.3118936598,37220.1827751273,36469.0713862846,36113.336357974,36346.72457314,35894.2828656976
40641.0625,40096.9090001035,40449.1861654778,40902.6107338137,40816.7765259653,40292.910406271,40173.1760972229,40349.9397724642,39210.8768451739,40003.0293600117
42883.4583333333,44348.3767515315,45040.0187244448,44728.7200963542,45031.7371124664,44224.4042321527,44656.1635484798,45028.5201485109,44325.4324203952,44319.9979416943
40091.8541666667,42248.7629686644,42606.7070048584,42262.0847463898,42460.696308044,42058.1997249147,42089.0226552484,41930.0725456183,42105.1528084712,41937.1432114234
29867.5,31118.0727587884,31368.1430798699,31417.7624948499,31565.2145249361,30440.5277493714,30643.1504951709,30044.2046546874,30771.9992845356,29886.7237462164
32048.875,32267.7948927517,33923.7409899672,33375.27310521,32424.7237875323,31450.0213069306,32792.3582853242,31463.1659386304,32172.2015881628,33166.4916731207
41346.4583333333,41465.911337879,42573.5574862876,42628.6089199608,42396.8157781452,41474.9778780511,41897.1222900071,41734.0010827856,42200.9379772738,42042.2915975926
41669.0416666667,43061.226920484,43513.0800731337,43346.4729578933,43288.1016810583,43060.4675871902,43115.2163973484,42975.1449910182,42457.9399870868,42536.2206002484
35995.75,38168.3241839387,38780.4081214347,39091.1456910976,38544.8051202106,38054.7118157971,38355.2046401972,38109.8533172238,37383.0133806073,37698.9400331687
41202.75,40860.5241801098,41358.9101412793,42505.7780820884,40846.9872273991,41089.5633107798,39959.352360987,40941.7408213073,39701.9101557368,40769.7702651809
41076.1458333333,41885.196491599,41579.5419021788,42368.9639614284,41515.8216680165,41057.5330651142,41096.181265349,41593.5259302358,40347.7315686526,41345.1787003195
36779.2916666667,37867.7948665085,37934.0775810734,38123.6592974415,36751.1512215002,36550.4408864808,37058.1574714028,37081.0186394459,36626.3446793873,37001.1778467448
33008.3958333333,35129.1514703557,35593.8395966784,35808.6628146397,35234.0264733322,34679.2301794651,35003.2394649004,34764.3390528599,35479.8166128147,35392.1055708073
39929.5833333333,40926.5836511273,40957.5818728832,41351.52357579,40570.0110615201,40076.3782865678,40548.6706050584,40793.7355718054,40647.7292249284,40655.4366852257
41526.2291666667,42718.4058299804,43028.739023778,42788.9825138009,42792.5260301868,42933.9909482752,42420.5749635592,42763.0475103904,42304.4839014159,42356.6331966548
43202.5833333333,42823.5023570654,43750.6458546396,43712.5501300589,43801.4960467771,43621.3961093353,43426.0428257309,43703.5710372158,43089.6426903037,43053.0940877983
42081.6458333333,43220.700052297,44023.0240410209,43696.61723086,43573.9453597383,42607.8884375885,42694.3102837394,43711.5046598279,42878.2562230134,43129.8506262518
39314.0208333333,40836.8721150745,41237.1515379671,41474.0525066904,41650.748419385,40373.3356584727,40583.6567301731,41249.5508752864,40351.3225703479,40615.6368894926
31867.7916666667,33919.1035115383,34263.4301621542,34268.7803893797,34124.776968931,33902.3781710116,33906.5779436257,33277.1894659074,33414.5193538194,33678.1923991036
32384.3125,32188.5213328974,32764.3282162058,32815.0353213945,32808.0377586991,32843.3909751544,32916.2901120657,32199.8943266791,32199.8957386681,33041.3768932383
37325.7083333333,40348.4089882252,40725.087940101,40483.6086350942,40873.1833137107,39867.4936059339,40148.0262240716,40067.9152965738,39610.8314596323,40054.9911418147
39501.8333333333,40545.1897263381,41382.7045541269,41210.2231961156,40687.6215236874,40956.7310530755,40380.466415639,40545.7299965841,40423.4602920714,40087.3492556347
36310.1458333333,38347.4966649442,38824.1239501523,39276.8551905836,38763.4385083988,38192.6811553112,38305.5471560084,38385.1844723362,38618.4700474062,37693.7713584291
37335.4166666667,38621.6754072393,39651.8953727366,39822.1124603762,39251.8484498425,38436.4653538,38837.1355378148,39012.2398193845,38334.3165147021,38871.2039212279
35495.3125,37595.9444833676,37782.9495287011,38119.2208067527,37448.4922640575,37574.45662078,37361.4968209156,37432.2704641569,37304.4664073914,37283.7493591297
33249.3125,34734.0105743824,36151.4371150534,35969.3869322399,35892.6574488829,35718.6362471029,35674.7512376709,35666.057997955,36014.7082239518,35385.9202261789
25689.4583333333,28664.6445169266,29797.9633599012,29837.1416329847,29417.8478395317,28322.0068917361,28904.237737617,28010.667225695,28534.8160304316,28053.8714671457
31108.375,34220.6884906688,35430.4966435733,33339.6581358768,34288.5728287872,33683.8705114142,32786.0200045385,34044.9421691785,33103.6798017022,32020.8323516605
38410.125,39457.4562109231,40753.4891328571,39197.4649048523,39250.1848952658,38887.2088712898,39566.5449991807,39153.678434339,38806.0237129397,38250.3989188957
36902.7916666667,39200.5893527674,40265.9629408838,40189.9013421293,40052.0522442982,39307.6391969745,40169.443638807,39752.8911097479,39641.2017462396,39037.2489466623
35749.3333333333,37881.5039090153,39132.4065465551,39059.3709410558,38543.0785746894,38204.5987921032,38651.9925775642,38298.6057797666,38469.004694716,37700.7973260148
35974.1458333333,38225.0772198909,39129.9077213091,39053.0903562397,38978.7161191775,39026.5743177401,38870.0455008499,39090.8790050179,38367.4488701397,38116.4835198942
31453.375,34406.574893327,35649.2478806638,35013.8863859045,35015.1950836306,33971.3240802231,34754.0771335566,34791.8095843333,34593.3858465597,34390.2373305747
31908.75,34488.1253582549,34704.7861789651,34759.2488849631,35224.0519175772,34081.1351688646,34729.0133687724,35116.6827832419,34597.1026046787,34019.5561331143
32418.2083333333,36426.2235279311,36140.6464166266,36323.2973639844,36386.814327772,36373.0980557422,34970.0134192382,35920.051007702,35017.4818337319,35020.8310489984
25811.2291666667,29543.2835462266,33229.0341004812,30866.8708394316,31065.7051787244,30999.2584580314,30547.0333483424,30774.8759329678,30017.8846513834,29820.8639399356
35885.375,36582.4845624382,38026.3482910946,36916.5943049902,36857.2776505212,35966.7083453677,36967.6348499053,35110.4118119729,36286.7333914373,35408.5072817914
36437.2291666667,38380.8859530246,40153.3586028131,39354.9898767788,39240.8579989286,38896.7214879745,39805.7254959408,39667.49897027,38657.0717254064,37777.7202462271
39712.6875,40743.4998994498,42653.2032180784,41642.493291927,41959.9005469795,41201.4259318452,42050.9061232412,41535.0654044254,41348.3029914382,40926.0367070773
39262.9375,43282.2449679458,43391.332936278,42578.6316973744,43278.0791156956,42826.4751635071,43146.7584051977,41902.0401437144,43032.375530741,42284.1429559993
33642,37799.466024643,38663.9951191495,37587.8978915984,38483.74789494,37077.9476821228,38314.43339479,36919.0913188555,37756.1784759717,37266.2006405997
36619.6041666667,40634.9749491578,42781.0092770185,42016.1520532567,41522.6709200246,40552.0659538071,42486.1890957512,41532.7416051519,40954.8087613395,39876.5758514751
36398.1041666667,40708.6047084516,42033.9033343904,41399.2522257413,40694.2380656243,38783.559348505,40770.3229396754,40228.08379739,39204.5195727524,38463.623362615
41812.5416666667,42299.4807011139,44197.64693407,43659.8611991727,43175.6317507811,42675.9559466938,43296.7532127683,42254.165656595,41950.220431994,42659.1736454909
44955.0625,47012.0569276332,47392.0291101629,47623.9831853467,48315.1327366249,47577.664576455,47796.2708026863,48056.3001460167,47499.6948369922,46449.0677527684
39947.3541666667,41886.1370291666,43030.7857617031,42922.6708880733,42400.9606430654,42156.9593151352,42765.2674320804,42369.7031147958,40848.1136259826,42237.0074014147
39516.2083333333,40783.9951650576,41781.283564375,40786.3169590596,42095.3889990621,41088.6252442139,40807.978059225,40853.6492510572,40195.0162305249,40633.7804378079
39910.0416666667,40454.687070648,42062.8393101697,41039.4131398277,41696.0261886186,40585.8516681147,41830.3740757809,41340.0090917064,40931.4634850064,40669.1805822129
45408.4791666667,47436.6891678204,48010.0344241591,48031.091210652,48857.4878460636,48142.2206179053,47950.3491122206,47962.9478255606,47850.8198447092,46955.3699980139
42256.2708333333,45708.5943071483,45477.9337522992,45795.1395552715,46346.7929163578,44658.9097675198,47090.8381294985,45563.8928506263,45320.2471460472,44665.4723658999
40008.7916666667,42846.6966853197,44574.4992064593,43707.185365925,43953.9763917429,42643.0829741198,42790.2437405805,44040.5886793688,43471.3638757758,42714.5567128006
38516.9166666667,41426.1303974916,42426.2913229961,41851.4509958724,41008.033073806,40833.6415759997,41406.6220412386,41554.9353097401,40559.9549767458,40821.6234532508
45221.6041666667,46587.7891718937,47279.5299253997,47868.4341258029,47818.4172960269,46012.3671529007,46608.6243949431,46708.0442962143,45464.6465205214,45986.1975265685
45481,46430.3796968865,45928.2027238357,46393.5382539516,46668.9452368593,45546.8346437116,46447.5723174254,46190.4094060912,45632.3684680887,45348.2018910403
40378.5416666667,43253.5591766365,43102.1538394778,43370.8282702742,43282.2829110967,42767.4717254372,43702.8104724194,42614.9976182505,41832.3790732003,42238.9233978886
47154.9166666667,49847.5881251633,50628.8443744945,49877.7019960029,50566.9159871447,49886.005052884,48616.5426298802,49294.1550932968,49200.6704779663,48585.4389255826
45390.5625,50169.4881497431,50435.8788096719,50159.8618382684,51607.3457895213,49710.9795126014,49388.9640755048,49159.3035971952,50168.6328637693,49523.5340690457
46389.5416666667,49946.5151831404,49852.3574312447,50433.1006197251,49157.9608479584,47835.737874069,49068.2804736352,50132.4382338894,48171.5232909217,48552.7637895114
46446.625,48769.5311900233,50787.6890483777,50145.6216527805,49476.010357174,48501.2896281977,49526.2561168051,50081.9954303927,49231.936085357,49106.5399916416
49811.6666666667,52168.3783811624,52698.1759113792,53103.2580848445,52791.5945279252,52007.4818352093,52657.225126032,53204.5994498711,51932.2512786472,51326.8412587687
47523.7083333333,48555.4954646862,47986.4062729784,48569.1987080479,49170.6070936604,48210.2997679064,48688.1587579589,48109.9965321335,47690.0360076565,48106.2146761512
43471.8958333333,46634.292502116,46381.7028289673,47006.777412633,47146.1044440727,46516.4213570121,46637.0233469013,46517.2211418289,46339.2219230321,45845.9149758401
51836.875,54617.749944234,54981.5724288084,55679.4144558363,55249.2995640755,54538.8334872056,54176.741462895,53413.3875022479,54500.5288783536,54606.1417619087
56769.7083333333,58458.9246726538,58412.324973815,59185.4731052837,59359.824735995,58788.5804885217,59600.2555022073,59460.920266491,58290.8020415026,58226.7188925133
57592.5833333333,59367.9096289949,59643.2647752207,60050.8555376801,59641.1878770574,59117.3998979727,59212.7597553084,60021.1481889724,59169.9495688499,59227.585997224
57416.7291666667,59380.993073669,60057.9525186885,59601.495872399,60087.1718071062,59446.9298955487,59762.7295023526,59726.947225914,59336.7290526011,59608.1678328128
59242.4791666667,61348.1309252389,61705.3295495168,62263.5423568812,61882.1532118387,61045.6698225467,61426.6476077847,61286.0741247722,60683.0467022688,61202.8750259473
53426.7083333333,55192.8999868391,54986.5531041543,56209.90077708,55618.4812879868,53912.6816829832,55523.7078726554,54904.6256408475,54585.7844901821,54613.5494457383
55187.3958333333,56765.5165385327,56627.3172069168,58001.2413359049,57018.9677934238,56295.8143272025,57081.8064351529,56508.898760831,56192.6298061078,56180.798115669
62918.6666666667,65662.8508040068,65785.8366911827,65683.6876419745,66515.920300918,65568.6589909943,65096.5345510584,64903.6615196544,64651.0352935839,65553.6266826803
63730.3125,66689.8024966604,66439.4843878433,66185.8544567295,67158.103305157,65534.4589909249,65934.3339395928,65917.092400295,65594.0091480889,66194.1494861752
63373.1875,65913.621735723,66199.8966549989,66356.5754518321,66222.7448892834,65530.4993963225,65141.0650560292,65951.8833232042,65119.1163234058,65889.1831243678
65572.1458333333,67324.9255941886,67363.9894926355,67310.1570449501,68387.9588972446,66836.2532880247,66955.8696415399,67539.1626880309,66627.5765521331,67256.5070024853
64320.4166666667,67668.6087437783,68011.6734388995,68301.0796178965,68560.9544890784,67322.0231935152,67158.1186698949,67580.2581687423,67432.6395889556,67628.4188891979
61625.1458333333,64438.3125288377,64074.0949910527,64465.1701987376,65096.7513070188,64141.5996925519,63232.2508694468,63633.3053869516,64132.8919649452,64189.587304019
62985.6458333333,65423.3437296671,65139.7923990233,65328.0819998791,65904.0676703363,64960.1651816752,64273.9654119471,65241.6905150207,64384.852252644,64866.1634075253
70685.2083333333,72915.9216681726,73098.9616631771,73453.3694685216,74385.2548520512,72923.6813863375,73286.9622242213,73331.9424819804,73179.9811213686,72493.5388058868
69177.6666666667,73510.9841511187,73619.1494637882,72835.3447149273,73630.3836399089,71720.1252137539,72721.3424041235,72738.6642829927,72396.2431759951,72453.44858498
67430.6666666667,69794.6742196188,70168.4580474438,69553.6599316242,70401.894050144,69021.6843718195,69243.3736295891,70066.7719731355,68763.9496315237,69331.6118076321
64044.7916666667,66734.9880832282,67853.6571690897,67392.7618067116,68802.87834611,66856.9041970367,67271.3397774603,67501.3256456213,66990.8866867374,67634.4642828135
65086.0625,69397.3231658664,69015.5017165517,69559.2485278547,69982.8297004185,68615.5028019266,68687.9818018625,68716.1463032579,69129.8029462134,68708.0233115327
65602.0416666667,68002.0803446135,68120.2504206089,67982.908972599,68285.8974887085,67835.7507101434,67418.3021060092,67917.3614706957,67483.8920084837,67093.932434969
58230.1875,60985.6657388807,61124.9955804011,60706.05558484,61297.9370407553,60067.498262665,60333.3584960359,60416.7538050586,60514.3645475059,60915.4357084489
49501.4583333333,56360.456874687,56512.7484405052,56475.7139276467,57385.5976091266,56105.867267467,55400.6352580669,56088.3204811437,54739.5689979712,55147.2823579221
47834.8333333333,51604.9750620489,52647.6662933126,52445.8363939012,52831.5522306004,51096.4085158089,51619.4559727863,51719.660091387,49707.7575190654,50932.231060085
47425.3541666667,50599.8339848868,50880.157300912,52269.3413246065,52054.5033968394,50724.7216698518,50245.6217765427,49954.4103567512,48362.1452374181,50130.9550469049
41866.6458333333,44926.0623845627,46241.983681637,45450.4866683677,47516.1240331337,45298.6089723289,45359.8195461042,45514.1682513649,44107.6582870519,44981.7116986476
38276.6666666667,41791.5733385327,43635.0093588694,44577.1436410766,43597.3012253426,42289.3689429094,42604.6910620729,42882.0218597899,41183.7761604022,43162.2013098108
39792.625,41422.6283476364,41458.4145121967,42542.1503226951,43383.431860835,41259.5782253481,43636.1483905065,43146.108450461,40615.4042648694,41886.9056839221
36234.5,39219.5784905855,39938.6086293414,38323.484897096,38807.4056071169,38643.4429841506,38359.4086321715,39107.9372209292,40465.1142782794,39069.6646317374
39819.6041666667,45799.0332585864,45814.1400020795,47203.8651163082,46172.082620945,45470.3819726366,45425.3597851274,45183.5355672317,45898.7367214024,43880.4580867261
45928.4375,49892.5857222649,47989.8538987024,50444.4871745243,48244.8955983588,48930.2352610476,49819.2694142276,48956.7811724895,48768.4352429194,48488.7900459282
38560.6666666667,44161.2676506165,44929.6063478219,45429.7357728705,44167.5068545551,44000.575247455,44865.9358499117,44011.3161534802,44445.4791080201,43219.6455343645
39960.5416666667,42690.7327546881,44687.6365705865,44697.4990241859,43809.7394173392,43326.874602647,43528.5422979565,44316.0615987351,42537.9134050665,43142.0533648811
37918.1666666667,41058.8268978229,42442.6092845733,42920.5975861594,42026.5534965364,41497.4571845859,42398.1351437599,42586.8940612072,41124.6784899822,41071.3052271619
29087.9583333333,32219.0463112926,32838.1103104117,32641.2424673687,33720.324251049,31783.9914721075,32934.2404942692,32364.412143243,32271.7028793158,32600.8265680578
31844.5833333333,29313.0641845552,31047.7460534032,30537.6751824694,31889.4590616519,31605.6779622176,28962.4865575934,30028.0060779817,29460.4193000416,30573.0052344406
42440.7083333333,44624.7808647438,45930.7817451718,47187.4220334797,46575.8108960683,46174.8294108722,45618.7963137497,45103.856768716,43844.4072005844,45076.9367060535
47643.5625,51009.1645524081,50711.3337479517,51572.8262616961,51062.9538490498,51140.9701502781,50591.6923529461,50498.6014122185,50638.946012632,50608.5732643162
42026.5,46333.1482481041,47062.4694582561,47408.0844573158,47626.2503843849,48113.4820351346,46513.1958800793,47692.6860962775,45641.5155525624,46951.9646551176
47397.3333333333,48340.6110424019,48572.26027375,49374.6754980339,49886.4517852283,48331.2650374368,49082.6814851196,49187.4582751101,48665.8405433029,49197.7729561808
47225.5208333333,49225.6381468588,49243.9208222657,50908.2734078904,51054.4154559116,51110.7782313593,50130.6621893647,50868.1006226418,50061.9079669185,50156.4470163549
38291.3541666667,42379.0765216037,41647.5161690706,41805.809797721,43463.4476837592,43223.0349213589,41835.7552939241,42107.7815931362,42071.8954823222,42260.7949842172
38075.75,40432.5971444419,41590.8167269383,42546.9452163851,41096.1949091889,40522.5324196403,41309.6151912772,41963.6512804029,40354.7174312334,41149.3870111651
44429.7916666667,47648.2394673182,47005.9395146105,48223.6446926457,47455.7519337278,46755.1383065055,47474.1875227219,47492.3591414728,47465.4377918524,47306.1212467528
48979.7916666667,52653.7353883227,52572.7736818763,53414.6163384258,53692.0354413005,51106.4403002287,51656.8920530938,51342.5406024328,50992.6166037456,52388.2827754952
45651.3958333333,49769.3447038526,50249.3174020372,50647.6465307759,49951.5985213573,49269.0395119338,51101.9985751829,50883.2420356162,50154.985103535,49569.4672759419
42880.8958333333,46901.9163370967,46568.0130226115,46602.8606237018,47381.7869059464,46519.5657166168,46994.3644597884,47591.5126592115,45666.2833566737,46799.7658423499
44328.3125,45336.4662287624,47756.3190742107,47558.6793556673,47335.1012776595,46810.2739797574,47034.4656365906,47370.3870121099,46355.0707081465,46901.1821454707
39689.6666666667,41638.27265942,42024.9806927887,42455.1543335336,42913.5843361692,42483.5167766812,43169.2022155132,43882.1864746465,41662.6847771289,41988.1870855128
38962.3333333333,41617.1265167334,43578.4931642045,42286.4823205129,41658.2501004929,42295.1996022074,42137.9158970356,42431.5189472662,41401.1383358316,41555.7040959033
50746.625,50511.675530402,52205.5789183245,51386.8947402252,51989.6356270587,51269.9275184031,51481.6815844021,51161.9748555743,50629.6112396556,51633.9791784771
62447.1666666667,63675.9725808887,64029.8815501865,65135.5082872631,65046.5880418005,64554.0515405874,65606.3977488568,64321.7644358074,63706.8214969837,63537.2108845482
64377.6458333333,66568.3886414934,67174.7135772899,67142.3091383081,67236.6733595854,66234.106547882,66085.1358013886,66045.4301096978,66516.8494669388,66249.1224769473
67070.9791666667,69409.6129085476,69409.3841241357,68561.0696134138,69341.6021082511,68827.8361025454,69168.1182842445,68135.6847443621,69145.3318290585,68930.4610826685
66298.1041666667,67002.0516897651,67704.0716761736,67749.4394128573,67411.3237586335,67658.0190125987,67220.7254309976,67033.255528179,67862.1540690611,67402.0307315134
58245.5,61220.1067475647,61518.7501725987,61269.4105518841,60345.3050041065,60404.1820183044,60896.7919071999,60084.3781719739,61132.7798095348,60506.1017370325
62490.25,62176.0826636688,62672.3900350222,63226.1874482922,63358.8028644442,63105.2034744256,62352.976673148,62703.1015245924,62740.1571965531,62492.1791468902
67615.1875,69609.821319542,69928.6266840121,69266.6398939781,69311.2881100769,68189.0266282946,69702.7510978514,68915.6918112552,69086.3750613881,69007.0922556103
67373.1875,69734.8519439089,69766.0930324824,70602.3978533699,70302.315401661,69330.6926522977,70331.0876633689,70541.185108379,68511.5917394099,69539.8308357903
71625.4791666667,71924.3382174262,72545.2071024431,72094.8918308286,72492.1151013918,72204.4675523359,71687.9864759374,72199.7337852569,70978.5701878817,71945.9520022871
68463.2708333333,69038.4988667042,69754.7534420865,69891.9512809836,70019.8483694129,69389.4200882885,69670.8546883485,69868.161836317,68897.7585538425,69390.5330517525
63235.8125,65777.5608193015,66243.1221665382,65682.1685562185,66357.4374008684,65816.3220947351,66096.2958470975,65483.3814513752,65297.3609954126,65395.7409554343
61212.1666666667,63059.6278485959,62458.4536224123,63200.8032940276,63284.9307558902,63129.6773494861,62712.760381493,62710.2309773586,62209.6254585698,62969.8856791434
61480.9375,62602.6945447179,63162.2393751134,63338.5830010515,63551.5000263234,63294.1252296601,62775.4586328473,63526.4459476576,62833.0757032544,62511.8756967108
63116.625,65885.2880416931,66435.871815583,67133.3624040524,66747.7108403372,65802.8936458157,65925.2876209441,65669.3701270826,65944.9715905961,65743.1880532362
60732.8125,64624.2981048402,64403.9587876563,65069.3839107169,65123.9573640393,63949.8102637876,63895.6368907185,63598.3108819654,64167.8788589763,63593.2285067683
56162.3333333333,59474.3313525076,58746.5782000819,59038.7770552339,59341.6009135932,58426.8950768663,59061.7224068493,58130.1835463095,58080.8273351009,57826.0872053365
56593.4791666667,57924.4507374425,57344.0715381792,57479.507350881,57556.8065281281,56588.865940391,57235.1990643943,57165.0987498286,56731.3148171401,56315.7737979238
55219.8333333333,57930.6867219599,57172.5697372143,58231.1663507009,57850.9515092121,56349.8265465781,57080.4477533114,56543.3529410204,56625.7830042764,56909.641201074
52522.9583333333,52855.6385917572,52967.8025647027,53176.2077917055,53102.0392849144,53023.7417948014,52395.5183334142,52607.8263301084,51843.8496875394,51786.9639296681
46091.1666666667,49478.9729299702,49787.7610853143,49558.4089718507,49752.4731250482,48810.6165526709,49676.6497679594,49015.1442030462,47985.0816678425,48967.8447795971
55473.25,58436.1430939122,57903.712582293,58965.9720068684,59529.0173497374,57827.5573932936,57691.3924966164,57375.1642410302,58212.4905395858,58071.7302935223
58059.8541666667,61920.1777690208,61130.5485288536,62360.1320979098,62258.4110113508,60589.1141636024,61834.7956551049,61336.9618164841,61552.754015289,60591.5736679508
63633.4583333333,65413.3065444154,65297.0507958585,66473.4191340017,65867.1234818333,65577.6440872127,65196.8286485191,65640.8596439503,65563.1528398045,64551.333520709
67228.2916666667,67040.91147144,68242.6338153841,67926.2973682347,67654.0565813195,67778.3292179444,67999.0313162714,68179.0382255848,67489.7368463118,67687.8445525437
64153.375,65967.2495077602,66705.9281524855,66372.7595634706,66659.835741547,66470.2521307765,66422.2515155886,66068.7269251641,66082.4151505087,66453.350101778
57244.0416666667,58260.4954350362,58536.2286662725,58926.71255854,58417.6106441938,58620.3416659136,58670.7884304216,58423.9500837642,57414.3094290477,58374.6265684408
52551.0833333333,53632.8319782865,54281.5465006307,54153.7250181852,54143.4685542488,53828.7904178273,53833.8628984984,53971.4751285838,53543.3670099947,53632.2576036219
58590,60450.6342391532,60645.214074848,61353.1078609669,61058.9365156095,61159.4873533489,60072.6238231037,60258.8021104106,60216.8302825666,60579.0549681785
58156.2083333333,59991.9475451675,60283.4831573752,61240.9277752735,60648.7024776407,60402.9592849965,60257.3531556015,60113.2822088638,60190.8840009496,59411.7455702248
55974.6041666667,58494.8147683369,58515.8291502116,59203.3647216446,58917.2502897226,58348.8474980013,58439.1974173085,58820.5249220251,57801.2636091485,57744.0041457601
52037,56747.1408182491,56959.7622955864,56692.0263949038,57210.1925390799,56106.0916099214,56210.0059733419,56511.0925593244,55480.3812693239,55573.07545298
47319.25,49972.6189909855,48693.7926419408,49496.4632883662,50239.3677868946,48974.5140475715,49834.1279279046,49625.2763182003,48941.2355784405,48122.813535206
41617.1041666667,41951.2705103789,41713.7245329098,42641.0595117294,43104.4476530847,41887.1019009838,41494.4601240014,41501.8469994223,41220.2510960114,41951.5570171502
42526.7916666667,43738.190498932,43939.7634967272,43859.3106606872,43877.3463207597,43988.6791307127,43598.0123393652,43641.816898971,43198.1025457431,43598.257591861
51303.125,52713.2102793377,52956.3853543736,52578.6210650631,53022.4974446742,52687.2585265422,52758.2184759325,52852.2301258144,52065.8990097453,52294.5822629955
54184.0208333333,54076.2486058831,54564.4492025571,55000.9002643127,55767.8555344972,55258.9842482022,54538.0809774372,54948.9046952845,53271.0471215399,54336.9091487166
53918.2916666667,55153.1228156036,55428.5052000964,55815.214991497,56088.2071540292,54944.0534187725,54648.9510631445,55388.6403122699,53988.3037341919,55063.5456723908
54757.6875,55039.356037335,55354.8326247406,56163.5810293746,56337.6341910971,55446.3558175804,55238.7690443365,55067.7569912613,54646.4541426322,55701.9702761151
51951.3958333333,54268.3653351617,55372.5411413504,56461.8529562525,55381.4352122574,55019.2369013463,54631.6042234492,55627.1894607931,54130.5273661679,54867.9365612503
48022.0416666667,48602.9646710127,48151.9817223579,48295.8245014594,48884.0570160004,47008.7444728078,47723.877989129,47908.6161292504,47432.3122573347,47985.5382808443
41885.125,45850.3008711241,46541.9865012162,45373.901216734,45382.2892945824,44329.0196206926,46891.4786438646,44440.6655433585,45348.2890403946,45036.7471580584
53586.1666666667,55016.1733721322,53572.7489066392,54228.5296685581,54837.0253154441,53942.3074695485,54635.3288144896,54037.3458011224,55134.1436295603,52633.1889561473
60097.4583333333,62575.3683909887,62401.501299669,62782.6101435771,62730.6152144008,61549.3313554558,62596.5358834153,62224.5233768749,61758.74864805,61412.6821651748
58635.375,62902.420548042,63269.3676859594,64203.4766600004,62622.6827564332,63235.9372677864,62856.202025317,63272.8895228689,62062.0672037538,63387.9483213125
61386.5625,61497.2210031099,61612.9493369266,62488.2631543556,62469.1517343905,61011.8773799703,61095.8224588843,61976.4276121184,61133.0828036139,61904.3806898494
58519.6666666667,60089.7014477725,60912.1320409164,60579.7887838083,60421.034492958,59473.7550939892,60080.8456965814,59588.2038238142,60134.9344870789,59877.5841605608
53606.5,54432.7884251157,54625.0560640724,54824.3748127242,54817.8940721815,54504.1201637161,54399.9336038179,54338.5137996371,54021.3023086868,53984.267087742
52976.6041666667,53529.9101466573,53680.2441468724,53703.3866560166,54005.0247187278,53617.5232795924,53609.0084253102,53692.1637011405,52334.3507524233,53358.7643197999
58802.5625,60455.5604507358,60527.9052444451,60577.4061226094,61045.9979867432,60163.6839990177,60060.3049502175,59813.7578802248,59504.1704915899,60535.3159147369
54050.6666666667,58747.5775428104,59065.4131391642,58593.9578346057,58951.8039817053,57178.4932304969,58469.0616440551,57162.572494315,57568.5590596845,57480.8324070144
46577.8333333333,49439.3508211161,48158.3943269333,48481.445213937,48236.4467449083,48944.3822606597,48306.5331925876,49877.2560038907,47916.9564018226,48424.6009237357
39825.625,44701.6994256376,44985.0687453035,43988.3352861587,44558.539015925,44208.4274718762,44167.5558832275,44270.7881642062,43114.5762725496,44340.0103198946
42208.8333333333,42477.052101967,43272.10105377,43287.559935133,43139.6835674645,42596.206038114,43495.2700220821,42891.4154189488,41945.8316265952,42479.4440042636
46992.0208333333,46398.4737457265,46277.9256415109,46137.6350287551,46670.1842450103,45042.7720627187,46007.6271347482,45801.0743136772,44398.6786684957,45965.6091092186
35790.5416666667,39447.2068049293,38949.5568231851,39105.4141492328,39783.460048342,38330.3800490461,38400.5951388663,38321.0288757601,37547.3733380994,37967.656884506
33368.9166666667,38648.1541924874,40687.0084883578,39282.5614008001,38594.1940667158,39085.6171397091,37425.0182465052,38009.9561694797,37252.9773980251,38616.4074036601
38509.5833333333,39793.606217403,41607.5871002892,40785.3370526894,40718.7051042733,40213.0859496923,39477.6757977364,39765.5334392695,38836.5823522389,40188.3462830954
49210.0833333333,50095.32143319,51016.9551147975,51528.4001483888,50924.6605293492,50723.7110232853,51456.4217628156,51124.4750019257,50781.9623406111,49957.5750323256
43049.9583333333,46711.4616308478,47182.4358160188,46885.5805719383,47505.1359378318,47148.5048819724,47252.0192525833,46396.0731924578,45988.1383771857,46503.1968595711
41882,43883.3373885899,44061.493829889,45177.9233590509,45013.6158818857,44000.9910242671,43951.0153080684,43843.8017740964,43063.5846712006,44172.0962450467
37674.625,39287.4441937084,39623.7729818705,40332.8008987461,40309.6148374377,40126.6703730744,39504.4770676128,39775.603553213,39070.0778521171,39705.3461129544
39486.9166666667,39022.5225773594,39537.3396146426,39311.5592442219,40286.6001928136,39750.2923820478,39179.4770475276,38680.924610502,39319.5545999637,38189.2114720401
46225.7291666667,48465.2496013241,49439.9906639693,48816.8367813577,49376.8649212384,48485.5115202309,48628.1951180908,48948.724162805,47786.455540775,49377.409493371
44126.2708333333,46841.5290607353,46939.085487851,47213.3879188576,47477.5919698268,47124.077044519,47156.3923699416,46242.3358538328,46275.7709107392,46438.6921158208
37719.3125,41648.5072277548,41976.7129849535,42320.7922529508,42223.4974756006,41067.8857899837,41541.7639349109,41510.1032516641,40660.3502011573,40607.1012347866
34921.4583333333,38264.8079883875,38689.4416392119,38999.1893146452,40042.5181089679,38986.833610974,38073.2930084232,39789.144567938,38388.3467974708,37042.5889766199
33728.9166666667,36447.948679684,37042.3498011198,37158.6657282319,35465.555727466,36371.1779739286,36318.1322317146,36630.6783466529,36089.8807850307,35308.5981896822
31419.9375,31598.9559166746,32814.9452047043,32685.0612702865,32660.6012694859,32858.7899314051,33008.3246249734,32070.6924459701,31316.4036030523,31626.5062782316
32807.1458333333,34015.4924131191,34469.5278583095,34029.2019892132,32821.4796308573,34436.8279487385,34365.2412294471,32971.4744797744,33656.6451068113,32151.2330099688
45676.1666666667,46941.4407122363,47378.4013762857,47814.4087658222,47201.5483639951,46794.4215538361,47257.0771307575,46276.0723120159,45438.1358687471,45633.4844148794
46475.1041666667,48290.3335482967,48760.8471613176,48892.3938611826,48922.7453077645,48060.1244911915,48375.6900426434,48380.7062350728,47708.7927126762,48367.470381764
41484.1875,43180.4589747284,44170.8353243866,44317.8753524443,43987.0515303057,43528.358259432,43701.8478472828,44047.7223803309,43473.7468770444,43529.3041627612
34098.1041666667,38436.1060694945,38524.237457284,37683.7905567425,39405.9488179153,38133.65801613,37811.0895696673,38338.2491630452,37613.4060248033,37512.0786548219
30854.8125,33304.1203306004,35468.4124650099,34855.6830314183,34130.6768405734,34223.1646558661,34569.3804244259,34669.3777518778,33700.2300276368,33689.910532688
31064.8125,30732.3777933732,32087.7241824537,31548.8143389186,32213.717601692,31875.9725776257,31181.2371601655,31109.003376199,30701.3696880552,31355.1797381041
36078.6666666667,35612.2605880797,36935.0673415212,37677.9593879995,37584.229488428,36448.3127861364,37101.1364206196,36848.713452421,36493.8188473448,35628.4775275746
43873.6458333333,45989.2099857108,45423.4530551865,46772.5029946392,46220.1023156879,45651.6111876277,45776.2859457594,46146.229135669,44874.0981751419,45365.6328936188
45632.6666666667,48119.3364919113,48339.2515458108,48648.3121872345,49275.5648042542,48546.9336061551,48741.3429662658,48465.3583828915,48430.9315383071,48091.6713289946
49354.6458333333,49928.3148035204,50156.7346148279,50118.6335574436,50359.1354724856,50720.7050239185,50946.5350290015,50246.7255317127,49578.628691907,49526.6143954494
45558.2291666667,47495.7245162071,48423.4322081095,47671.1896772713,48728.2027051945,48012.5035586762,48301.2523774905,47714.3332506225,47548.086816588,47659.2414447821
44956.1666666667,46870.6074857684,47304.2342797093,46823.9274621437,46782.8959707427,46451.1434975057,47531.0831987529,46994.9473561774,46030.9879284853,46658.6452074524
39456.0208333333,40480.3019686696,40599.2106513925,40667.3808680685,40757.2705249147,40248.9299344795,40535.9619584333,40288.8675888041,39727.6643554999,40280.8455386301
36057.8125,37315.3042269993,38228.7169588861,37365.697731849,38030.4814408225,37887.3912901335,38225.6513283585,37842.0848002824,37566.623217647,36850.3291912108
33241.375,34787.822089293,36913.06374001,36790.7516419899,36749.7793909899,36131.6095296689,36291.2735436895,35313.4114821868,34511.6373628997,34647.8548678755
38388.2916666667,38480.7833908239,37162.4134649659,38667.8636545225,39228.7389311556,38014.0186867274,36631.7300462604,38488.2424938706,37425.1702878947,36595.871594523
36261.5833333333,38448.8390151213,38383.4161920632,37384.8928924312,37563.1025734793,38416.4666780011,37785.9186241978,38623.0636530248,37514.7200165475,37480.460429531
39928.9375,42233.4507761244,42257.0219832431,42428.7865730169,43171.7300501702,41736.555033957,43221.188125231,42177.2094956274,42101.1784815142,41001.6541676832
43844.625,43885.8650555282,44026.4638634364,43884.8833154326,44442.7951375845,44215.7790493757,44079.1798141524,45202.358094147,43313.1627775774,43402.9048503587
37141.2708333333,37595.3630787374,36802.3618062453,37571.4311051588,38115.601980448,35994.1682793092,36594.799474348,36808.5047545658,36294.8888892959,35503.5022749203
37039.75,37481.7384869009,38151.261296246,37465.6020978137,38706.6478673706,38380.3368695486,37711.2714777266,37572.6476871663,37285.8132699236,37858.3556614737
41854.3958333333,42247.1760092501,43455.6989562551,43595.3575461449,43413.1992222444,42999.8251972109,42990.8633597796,43145.8207797386,43111.344851399,42346.7393200458
39222.2916666667,40635.7727962691,40141.2870427045,40374.2141213218,40420.7828334142,40151.2892667447,41165.5952267469,40063.5396284623,39974.83319597,39689.7717344398
37890.0625,38992.0969012449,39424.8291821149,39567.7829318852,39388.2371588355,37582.0475625678,38223.8943034703,38656.5478708171,37927.1529921618,38373.1780014342
38307.0625,40115.4824464569,40130.059221911,41259.666155458,40631.2917160966,39725.4938196001,40856.1283558545,40376.4706282096,39676.0894761424,39757.9418445511
41926.8958333333,42026.7021754984,42497.2558420361,43554.1747975572,42582.3433880951,43008.081916887,43132.3483669721,42548.8292585578,42384.2191416636,41427.5622936962
35888.9791666667,36895.6298718317,37448.0567001778,37354.2603887617,37064.9630605604,36871.5969936261,36564.1846203246,36222.259735714,36566.8596239021,36846.3679078986
30495.5625,32160.8816763592,32283.2471772496,32352.858421226,33165.1296498921,31829.7003049978,32008.2058012672,31666.5623607207,31131.5287060813,30687.3773293151
38664.9583333333,40172.2959106165,40683.5610344656,40949.3433643435,40997.0357762139,39142.0375997579,40412.2835016337,40096.3297342225,39184.1092874732,39171.5966736184
43763.75,45221.5092016731,44701.5183151468,44981.372165771,45039.50791253,44602.3214955067,43975.2854192849,43861.0697068135,44147.4080561095,43626.9960530106
44180.5625,45595.4115294879,45560.5671268957,45217.3429854077,46225.0954580905,45917.076949604,45386.0085230161,46231.1727276185,45019.5524595286,44959.2700243717
41684.9166666667,43174.3547812296,43479.5216336705,42954.4526360397,43819.6252142108,43511.1420204987,42790.6382211528,44141.7444802519,42370.6236402536,43191.6197858137
36665.4791666667,39487.5186594657,39669.4154984535,39161.716595126,39312.5193071352,39187.9995578013,38599.8750900359,40270.0301288688,38371.6782849757,38837.1216840239
36302.0833333333,35272.2306340621,36401.3733678937,36007.6545198906,36395.5704106947,36105.7471687003,35315.0624134119,36884.5327107353,35968.5263875018,35116.4695061613
32645.9791666667,35546.9682216374,34746.4298955079,36027.0072948708,34735.9297408905,34422.9234419975,33571.1400814161,35568.8021438731,35731.971783407,35141.9545057284
31653.375,33261.3925503734,33887.3287428335,34269.2912551465,32601.3226594438,33091.3888810543,32623.7527642296,32959.0804772566,32669.2629713586,33592.6051769516
36514.9375,36347.58265156,36508.8626331411,35950.9666095575,35732.7139481482,36785.2370842846,35976.7834228686,35590.3751377312,36041.0333563327,36646.7602271044
33619.125,35254.740778106,35204.7237257835,34494.9581193241,35852.2727105514,34255.0208801447,34935.6181068399,34160.6753864531,33768.8520101755,34103.1424913026
33427.9375,35449.7565202696,35905.4143832238,36043.5230291343,35528.1478663606,35248.0806173539,34664.0481953291,35452.9632721989,34525.3393826567,34615.5544697517
36877.2708333333,37814.3653002778,38036.8989909479,38482.7335831804,37906.4871905281,37315.7167602389,36722.1477515222,37461.7127411219,36420.9141207813,36138.6958754408
33381.7708333333,34730.0444290914,35243.2804811837,34940.6408708781,35047.8464593833,34660.4013616748,34220.8923305561,34729.1278125186,33906.1292637919,34284.1339262839
32190.6875,32986.3603406106,32590.8257674281,32148.9672868808,33227.8173637566,32467.3327019192,32169.8872870622,33375.5313897069,32407.0473052993,31619.096669816
32654.8958333333,34271.3896165653,34544.067572591,33749.968928351,34379.2708506341,32629.636539285,32550.2627871914,33173.1023615656,31714.405199113,34167.4361911023
36470.5833333333,35963.8305688617,35969.5411623705,36050.0845965159,35887.9793458018,36234.4897608386,34927.4449654634,36373.0718911825,35329.307177209,34309.3483590009
34920.5,36203.9101654841,35678.5505412761,35501.762066718,36420.4081925423,34902.9801293295,35462.7053643505,34915.117863595,35689.2937753219,35529.2426824104
39152.4791666667,39452.9948711939,39786.0704098943,39115.6764682131,39994.4724186377,39068.8773030639,39072.1289807915,39070.0561931064,39249.3948477024,39660.968479099
38541.5208333333,38730.6911958532,39518.5022165926,39145.8138484821,40032.4937971693,39050.930293266,38408.166722989,39922.2603529991,38706.8895607192,38928.7954785211
32278.3333333333,33621.9678880453,33854.1047735424,33523.5209772427,34005.1690247793,33321.3329471706,32818.9371037676,33095.0470708119,33808.3033442696,33238.0563466389
31430.25,31332.6141107638,32027.8047538067,31701.5774878704,31837.3424759139,31384.602752231,31504.67875839,31259.5620374518,31668.8361450418,32124.2482705275
35415.8958333333,36649.1915474621,37256.8061605088,37053.701604458,36837.3409244322,36370.4703943447,36803.4748158756,36046.0502754018,36847.8199147005,36912.0305394201
33463.625,36068.8372122267,36504.3932429551,36327.781992251,36858.1199737629,36177.1227433565,36049.599967503,35399.6836337717,35248.8590901126,33854.813485946
33851.8541666667,36681.86198119,37022.301846932,36159.6832182121,38042.7445695736,36227.8108746945,35922.3357493098,36427.700829465,35964.2981579479,35005.894605899
30976.3958333333,31885.4133722385,33939.9666991054,33847.5422835503,33467.4038149085,33394.3697231921,31443.195160892,32642.3385103213,32093.9833062723,31843.7753690439
31574.625,33524.1688389981,33965.5811231358,34271.9112880724,32967.0287180932,33842.4407067383,32949.7070848119,33552.3878369897,33333.7606554345,33270.7772127297
29349.7083333333,30551.4242982656,31216.171706615,30478.7243473631,30480.7348217956,30443.2187187274,29815.7952572829,29823.1512887932,30713.3922559173,30964.9632406366
30024.2708333333,30791.1199863095,30461.1275639178,30630.0914971825,31122.7565583288,29676.1278084342,29353.0122709497,29719.1011773432,30127.1044689143,29963.9842795388
35590.5,37168.7475985389,36432.6395222051,36180.1318763005,37049.2283630329,35874.3604759177,35618.1351187747,35898.008326961,35575.9485465745,36358.4189813994
33563.1666666667,34873.2970542201,34752.1922317207,34040.5991290722,34498.3272938529,34133.417830973,34400.9438577452,33984.2572428315,34344.1703882252,34440.8514249699
33006.1458333333,35581.9439151442,35537.1296924038,36685.1434360273,35233.1672053456,34328.6146571121,34776.7258655102,34572.2775644743,34093.4170361668,35779.1391391258
31380.0833333333,33101.8380275244,33310.1615128838,33066.2467748765,32531.5795370678,31679.3884509987,32974.5122338325,32593.8101274096,32465.652428122,32412.8147445205
31721.2291666667,32243.5911422593,33016.6130823966,32176.048142391,32446.1698289432,31872.0951580322,31161.3373206706,32060.5497585815,31936.1943923971,32374.0432325879
28989.1666666667,30061.941289448,30265.6920093788,30666.4965734882,31068.7861205559,29370.0904695331,28827.693961042,29526.302843913,29758.8624198658,29873.1300144401
27466.1666666667,28064.2327168085,27478.4107781211,27316.9080172676,28194.9849201572,27625.2151284253,26587.0414001574,27595.4227911471,27705.561972243,27499.0077114781
25624.9791666667,27070.7153206799,27376.8040732495,26577.2310799091,25674.8083099294,25561.7186720255,25382.6316816566,25319.5144092847,27052.2905489821,26597.3952803194
29054.9583333333,29584.0801319667,31373.3852892224,30825.74156918,31448.3539812861,31190.2864245426,30030.9157501435,30796.205214311,30589.8001433162,28522.1437160602
31420,32640.6696332902,32945.0074498848,32248.1153799887,32392.9438402745,31628.943060385,32799.7137374868,31953.9673719873,32012.1681822893,31221.9735441587
33059.3333333333,33816.0291040845,34231.0877213728,34718.6103511727,34362.7927930204,34096.0927541086,32830.5826702553,34277.073827727,33952.2589146524,34685.2371562789
31627.1458333333,32776.4293035836,32467.096688725,31745.7575791401,32279.0065543505,31927.6440944249,32108.303421955,32011.3493637971,32461.0549701858,32357.1001394202
28827.3541666667,29550.361259865,29590.792720608,29475.6779602178,29682.2674073143,29061.4740850321,28110.7729623742,29249.5539708422,27793.3627659188,29437.5842877341
27355.0208333333,28492.7531386073,27613.9852492383,29517.6994205389,28307.704097755,29768.8362007446,28155.4253515413,28115.0203099085,28023.1782486586,27601.5646659515
32402.3125,33508.0142733951,33412.6970918645,34779.2523235385,33714.1774074243,35293.3725945068,33265.5592122634,33433.0437940586,34240.9289378037,33829.1500971088
34007.375,35067.189566418,35070.4767598104,34795.4872257092,35051.9854174618,34679.3705904954,35403.0498078255,34495.5896211651,35186.2985553686,34920.6183465585
34461.8333333333,36016.1142224155,35690.5026654893,35410.784608306,35996.4437469001,35157.0364007895,36400.0907325589,34929.072721379,36097.3427915525,35550.3073971561
35336.5416666667,35827.3367705941,36253.175732963,36481.2777358063,35638.9115715911,35580.7155502095,36189.9411170086,35971.1206405033,36687.1156893871,35740.2147847878
36574.3958333333,37447.5195357877,37260.4542924052,36209.171427331,37093.5354978669,37281.5957623705,37253.2290733134,36951.8574824157,37866.9741974329,36905.5611799735
32460.0416666667,35218.4581264318,35217.2200879058,35401.9328067144,34929.0456629484,34944.018956873,35155.2055746604,35028.3945528786,34790.1866447318,34624.9908708163
31221.8541666667,32296.9217599091,31783.2618347585,32259.8838988761,32573.462160333,32145.3664027653,31710.8620065787,32173.5417357811,32761.0447955258,31943.3103211135
36595.75,37385.8537300685,37614.3856513964,37109.2741166577,37688.204730395,37473.9921253064,37353.1555509571,37740.3448945507,36601.8695149671,37485.0099840548
36450.0208333333,38600.8776282986,38713.7714880051,38582.5370116504,37909.6249962836,38452.7715289701,38625.538207111,38614.0948352786,38053.5266400704,37570.1791216587
36419.9583333333,38031.5652818938,37950.6492341092,37939.8945184801,37785.4632278745,37766.0853011787,37844.8956573405,37407.7034663915,37653.5094985795,37451.8913691215
37283.6041666667,38516.5319841563,38936.0344584647,38365.6994037468,37960.9724943433,38205.4316153024,38270.8380081553,38804.4769188865,37686.2537708617,37856.5954773741
37796.0625,38799.3425644707,39416.5448142719,39190.7603161905,38680.0800975219,39049.2464896952,38598.8114388715,39079.0649954798,38612.351543048,38402.6029583194
33925.9375,35131.6703058833,35962.8732319799,34891.3452538423,35406.7169075516,35399.5393530208,35470.7694865956,35139.6123675888,34911.2220401086,35068.0331906752
30623.2291666667,32510.7209840908,32509.3528987245,32016.5792962514,32550.0539880464,32402.7580503341,32416.0089977477,33010.1970593086,32726.4377238912,31956.4657608048
37481.2916666667,38096.2780585704,37783.0395925438,37976.8442723548,38424.2149805561,38101.3041068925,37748.9890917621,38348.5123745654,36943.2092110672,37952.9273864607
37741.9583333333,39221.3249904882,39551.7966836351,39729.7828797648,39463.66187567,39163.822778568,38925.2181260468,39112.5238713277,39026.1393902863,38198.3797844772
39801.875,40293.1695339818,40923.0345660767,40162.1745403904,40674.0387057471,39975.9037114294,40301.8961643376,40342.3193738017,39754.5726615954,39598.8286591229
36788.5,38302.1885522685,38938.2965280871,37940.8784082517,38506.861611408,38504.6561117332,38500.5825863234,38784.0506939826,38022.2193262152,38335.9632701384
36692.125,38938.8356227743,38622.4254197471,38149.8857462157,38115.5247938889,38122.8919626588,38321.1551159989,38867.6776692995,38485.251098353,38392.9102995292
32177.1458333333,34327.6862581156,34719.5984319308,33444.756041615,34361.4900622936,34084.8452494268,33988.6267643774,34416.3919792201,34515.2145799219,34345.2614196907
30233.2708333333,31590.0689672017,31268.6191089253,31079.0943856442,31249.2129510554,31473.2464644922,30994.3074927274,31382.8533108946,31730.1573720274,31399.6462685166
34876.625,35611.7119192963,35977.5450883356,35737.9034960684,35568.0042023728,35978.2940078408,35474.7368676356,35062.2792025848,35027.4428757937,35178.5076411889
37327.9791666667,37848.1614472002,38884.8366293346,38149.3286722984,38095.8414552666,38863.0840345751,38329.5992707235,38534.5465691139,38112.4358157544,37219.1123923942
38319.3333333333,39319.6463120068,39393.955770748,39316.0794461487,39320.1797668375,39236.4557845692,39341.004333775,39329.355781942,39276.615621758,38533.4424682728
39201.4166666667,39186.00559205,39876.1683267762,39648.3192496704,39108.7511867082,39302.9416081162,39369.0565100715,40034.5774778294,38778.3289147219,38424.417209212
35897.0833333333,36931.4278231224,36697.8497649548,36172.7802515732,36725.8086260342,36668.6594467867,36698.8647866033,36308.1271951464,36100.0189236301,36131.522766491
27388.125,29410.6552304899,29430.6591003618,28030.2881347566,29908.6067243036,28667.4974452277,29449.0339584613,28578.6685000206,29709.346355039,27910.6599605494
28612.6666666667,28687.8545557551,28807.8651764916,27938.45336472,28466.1729665762,27663.1548278798,28424.1826922265,28559.8975995755,28047.8420906181,28139.3579399231
33926.3333333333,33372.8440438318,33182.9158352101,32391.2165259638,32999.4484438215,32714.7948569988,33716.2408263154,33517.284103515,32404.0068796381,32853.5302075391
36528.3333333333,36565.9561680685,36955.9063675166,35976.306855826,36239.4958028511,36164.5434308857,36672.4341922789,35913.8869081055,36341.6386753467,35600.4300784119
33258.3333333333,35416.6199486515,34733.5423098737,34221.1700979102,34565.5257285545,34379.4917455737,35672.6194410341,34845.1883733985,34118.8786843552,33415.6222958571
39291.2708333333,38587.9816675257,39361.9440876925,39035.3298658175,38809.5168948939,39003.1835447715,38726.1037961037,38784.9412775222,38749.2717968485,38548.4835983401
37087.0833333333,38781.3683157283,38907.1108339969,38544.0556849681,38416.8673926505,38447.8942204001,38482.2105547378,38321.5411338306,39013.9403124864,38499.7461596096
34048.9583333333,34854.3286652417,35374.0031178121,35559.7527409222,35152.3885596226,34691.9825418124,35334.4915848485,35266.3583772714,34875.0877041664,35107.8092333218
32975.125,33271.6457819142,33285.3730080675,33634.5015718345,32619.3013979836,33313.0349175321,32971.8224032219,33207.5024107115,33433.3858426857,33131.2643617723
39534.4375,40411.8359557202,40301.7506101894,40036.3822489125,40515.7844755756,40364.779627999,40087.5575974348,40186.0441444925,41051.6750645965,40005.998584569
39823.2916666667,39422.027145436,40281.2209336522,39738.9291818434,39846.0414321148,39655.1167451111,39688.9365298153,39369.4153794483,39205.417878673,39380.4918518212
38404.1458333333,38253.4104265043,38684.8274854593,38478.4938238441,38878.3963170391,38571.8110189353,38807.5233398236,38169.4783343882,38636.8277950168,37644.8400661534
38064.3125,39795.54255768,39785.9013286285,39508.3981710315,40034.0354888214,39746.6891766278,39400.4894914304,39976.2240028494,40270.843500644,39326.9988430658
30055.2083333333,33529.1937579899,34091.9023309436,33000.3776991734,33180.4774953754,32698.2625856614,32461.2434052015,32556.3854981548,31375.4473515864,32335.431529727
29113.7708333333,28239.4417936955,28736.0835412745,27605.2326280852,27314.7732639261,27808.9979869751,27960.3861679711,27903.3221730523,27735.3830766312,25665.8785435142
29596.6041666667,30182.3481450108,29474.5245550349,29580.6979488791,30037.0290872989,30233.8428459451,30277.5523905131,29900.6439736397,29086.7407383063,29987.1898937803
37315.125,38244.6385296061,38085.1677266175,37364.8284922853,37619.1639762301,37676.1957764761,37787.3281157479,37284.4606615439,37387.0659205462,37215.0531928537
40023.2291666667,40102.1527848207,40179.7795016694,39810.1631673711,39763.706741204,40190.8915226034,40097.3388946547,39898.7587988531,39418.6787960136,39695.2708860645
37824.0833333333,37693.3116060808,38203.1029338446,38171.5738519811,38065.6967043451,38141.8099943118,38329.8977735796,37878.6006892235,36987.2940051386,37150.8123944136
39791.7083333333,40418.0989830431,40566.8997924695,39410.8946749254,40143.6525426857,40333.7481640177,40497.6502741724,40867.3058536483,39883.2535064049,39829.9720101734
37546.5833333333,38602.85195511,37856.5526842147,37483.845906832,37615.5931296605,37666.6526956319,37635.4997623587,37284.2733230405,37587.0090539074,37667.5660486582
31181.7708333333,33022.325438855,32731.5063292742,32907.6250014808,32446.1422023231,32454.2657109054,32554.4640819679,32668.3954010234,32207.8907099974,32316.2885041064
27359.0833333333,28464.9790068438,28299.9507741976,27852.1451902405,28520.8516574052,27894.5880126431,28822.1246089451,29446.2744222026,28090.046319858,27908.5302444583
34509.0416666667,35976.0929513208,35867.0843148223,36212.3692769378,36862.5935969663,36233.5089404184,34824.1593924621,35904.4124064699,34341.8798543186,35193.4140517182
34809.3333333333,35960.2607226284,35891.2001493355,36084.9388569735,35920.7347666713,35377.9287319355,36212.5659098876,36086.173631286,34812.0280457306,34999.7901884882
36160.7291666667,35944.5228329493,36077.2609975202,35429.8582922963,36117.1297305007,35517.1611024888,36395.4695873855,35326.5123802024,34863.9523398205,34964.9380532183
32004.6041666667,34916.9683573902,35101.6698206292,33779.986238217,33988.3092773105,33668.975775731,35082.768705767,34528.2648919031,33533.0730336959,33645.9732225538
35182.3125,35577.4438222316,35300.9570600396,34960.3611134703,35048.6403999641,35634.4554026843,34076.4920869931,35282.0437235749,34593.5386398804,34288.9944587904
30322.1666666667,30682.9625931979,30998.1712203233,30396.3296663168,31647.6785031031,30865.5828373508,30745.6213545945,30869.845080098,30239.3567883082,30781.2498002575
26749.5833333333,26678.4437174624,25957.4908824383,26901.1903200568,26922.7102318502,26097.4773824805,27118.3907498865,27372.5689524325,26263.9933196841,25727.1004777257
26780.7083333333,30735.8486700757,30048.8106994181,30919.8464796358,31148.6549778352,30388.3154085687,30048.665817265,30857.8895827284,31183.9973059694,30307.4674856405
28270.1041666667,28041.5105774226,30346.077197354,28280.7270452342,27982.6199833655,29766.7235276584,28142.934677291,28802.3812477095,28365.530300074,26124.8672892942
24252.6875,27569.457853705,28247.9995407056,26958.3696675087,27480.7978822852,26901.1661024813,27245.5038152663,26620.5872539604,26927.6939340124,25384.951620148
28454.8125,28314.450545217,29033.826667934,28822.7641150833,29135.7292684945,28936.7192978562,29262.724256706,28165.8549624243,28544.2930099677,28060.2271190507
32193.1041666667,31283.8965853584,33409.9917678952,32979.9441160179,31852.4530276915,31771.5090117012,31477.6521320855,32541.515732845,30907.8844629333,31159.8611827811
24372.25,25559.6078721505,27584.4784831273,25955.9003783388,26409.8372317138,25685.0979437169,25609.951731206,26045.0746881925,25914.3274107198,25777.7751896798
20305.2291666667,21695.3682369559,21641.9388406907,22785.7113705329,20784.7545891749,22254.6272770973,20477.6820139635,21946.0308562586,21338.5522214838,20659.6256679687
30990,32167.3702390112,32170.5015379843,30794.3964096383,31060.3339218161,31509.2327483207,30108.7031412192,30786.8243134352,32402.3789729338,30740.0465582096
32384.1041666667,32298.8537638598,33344.5284069729,33532.2118430631,33855.3000143228,33503.6664719828,32840.1820886609,33735.0585278169,33459.1026929607,32705.6382565262
33452.8541666667,33623.3749935998,33994.7074445719,34820.9873478627,34637.210581281,33974.6289004976,34130.4178535319,34344.8946881429,33549.7108414537,34115.6201029928
34031.5833333333,34223.7308090484,35098.3925238846,35718.6878079247,34254.9100689864,34586.856130109,35249.8327876147,35190.48676031,34672.3650202693,35211.2463919517
34688.4791666667,35155.5342548249,35717.1521611896,34915.3366659057,34843.0853736652,35132.5398193895,35045.0522173351,35174.3229986376,34968.8656579494,34859.7304331619
31378.75,31008.9119782772,31852.5907840083,31756.1030718732,31512.20617623,30980.6150227355,31178.4455394907,31249.4580421179,31629.0394295237,31179.9354318286
30240.2083333333,30953.5473595398,29230.582754789,31618.7064458058,30535.0818039048,31168.4750430093,30609.9716057621,30567.9462229894,30103.388698521,30491.0902872953
32059.1458333333,34324.6743183722,33934.7779664591,33968.696051609,33214.8999299196,34689.4033518186,32800.3379676367,33664.3317570277,33798.9878781975,33694.1375878802
32222.7291666667,33417.6982008654,32526.83423284,32182.2313893486,32961.1344365725,31523.1583400098,32281.8270736621,31980.672427838,31309.2840616519,31967.8808231055
34901.0208333333,34904.8211074862,35059.4263135681,35063.1233988516,36329.8291437639,34462.90536042,36387.1610975114,35295.1440386087,33840.7099996228,34171.1936608316
35452.1041666667,36375.7325640207,37224.1364287623,36650.4834561302,35904.9647929835,36158.4634111205,36961.537922891,36623.4222229056,36228.8875758998,36972.3318160015
35971.2708333333,36800.9902200107,37179.4758534372,36439.1961411762,36451.4344463278,36524.4408766755,36191.1372205717,36571.8808498612,36607.8251999889,36642.435076577
33145.3333333333,33269.0865740079,33958.8595829727,32947.855006053,32981.7465147001,32948.1456990868,33008.6000420221,33135.3705600052,33083.65693058,33243.9432824364
32811.625,32869.7263462383,32267.9836099849,33719.8644824682,32545.76195071,34323.1895208989,32858.5080450776,32770.0128120334,32472.6269961857,32414.6276510998
38172.6666666667,39150.9560460247,39240.1099616346,38699.1499722097,39567.7187800044,38962.3285443396,39071.8699954905,39057.4965762307,39036.0464379724,38907.3701371992
40129.4166666667,39497.671170583,40319.4925781837,39605.2137080441,40098.5528455665,39750.014336551,39864.2700836659,39834.1647211948,40118.5494019633,39532.5088861598
40813.9583333333,40315.1597819728,40863.0325223736,40569.0994495018,41129.2909563391,40435.542937256,41655.2336895895,40801.2409906724,40549.2676580301,40858.6915444067
38579.875,40430.9436047549,40610.5010055064,40107.9253999375,40242.6108388702,40340.2547478606,41176.4988251577,40847.5164489055,40077.8015789255,40259.245152055
37863.6666666667,36236.2270999211,37074.6457839445,37199.9318999888,36732.019437443,37331.7247960585,37364.4018789721,36799.1361368568,36565.7262168524,36420.1677952831
33448.8333333333,34178.9658325652,34378.4712119311,34096.4217569776,35055.3787481961,34359.6987925598,34462.4789771315,34319.0288242352,34339.3938110786,34319.2882023338
29783.8541666667,30565.5698295195,30401.9135077461,30262.5343138546,30775.7556518741,30313.6581846887,30206.3459283412,30514.2053550008,30597.8228964647,30517.2302691974
34660.0625,36808.4141851072,35362.0857729038,35534.7414076198,36024.0091202126,35544.1179519037,35082.006874581,35465.2781914014,34482.2348229487,34718.7933967569
37094.6458333333,37759.3723843575,37634.2896888117,37588.462576764,38114.4693629947,38060.5175300583,37535.9592124606,36823.8922670806,36685.463636162,37042.7430290653
35711.75,37140.6562777958,37370.1290533932,36934.7308713082,37668.012326603,36612.6127497949,36676.3157882044,36771.0935818353,36254.1788701362,36240.0792086094
35905.2083333333,37620.6396552464,37773.7132397167,37140.8855039908,37447.3477743098,37973.2403225027,37459.032132617,38455.2159838652,36762.6764881018,36933.1810149897
35828.7916666667,37655.5287712711,37813.4027337445,38071.517828756,37168.7573268362,37882.1748590056,37196.9216572366,38103.0355636387,36992.7320861674,37220.5620832962
33670.9166666667,34380.6329569333,34740.3948423696,34480.587893702,34103.1564653685,34379.6013733327,34803.7368017977,34661.987346035,34413.2548150524,34209.1133126053
29721,31794.5166035662,31848.74650577,32000.1466716669,31758.5982182461,32393.4083183098,32063.5531216897,32180.5418208937,32254.6035819925,31702.6639968263
33744.1041666667,36282.0965132842,37438.7462519559,36979.7861864791,36680.7558756534,36799.8724436919,36741.5788271864,36666.7832581038,37242.4968396546,36262.2548162705
37893.5833333333,39444.3188183556,40361.891154671,40351.6116767778,40092.1290070247,40322.0419712761,39145.7660884562,39496.1885419872,39245.701888474,38572.2132867048
39821.9791666667,40682.0912312393,41397.3546965258,41285.3597654964,41052.498498492,41132.5358918904,41005.4250960462,41623.5617998913,41096.4568327979,40247.8490237279
40011.0208333333,41185.6838233414,41886.2744094302,41744.7545251673,41374.5768332213,41744.7195127062,41058.0902304645,42174.9325776904,41976.4197126212,40726.9744971192
40511.1458333333,40858.0294681004,41259.1132696162,41005.9562393582,40980.1614174465,41789.1387648861,40918.1661490863,41995.2263010511,41180.8542681909,40869.480411652
35121.7083333333,36785.6753396652,36822.7498936454,36813.80692587,36825.0443496605,36910.6105013099,36624.809954388,36694.0146356095,36480.2328274247,36498.664181749
32450.8541666667,34060.4548607423,34472.1231833804,34011.5743437386,34210.8149873966,33979.4400588985,33655.960262183,33845.8862597535,33903.376338642,33883.017201086
39577.7291666667,40285.6950790858,40303.8556286429,40142.9195298138,40263.3377662924,40504.6037486209,40142.9002899974,40122.4949697351,40509.2763253951,39864.1336875435
41002.3958333333,41582.6154975707,41746.7161923519,40930.1555334202,41681.8456459039,41891.588329283,41252.3932211687,41367.971264293,40901.1993875132,40750.8057389944
40349.1458333333,41385.8736242063,41247.2660556537,40649.8638127881,41371.0374346281,41193.7533089555,41398.8042839132,41025.0346560558,40576.6919583482,40674.1417152514
39672.5208333333,41309.5724981429,41283.1172154237,40626.38381472,41136.0064630952,41041.9661044787,41659.00083787,41628.6686620196,40267.8072130305,40945.6615416525
37276.8333333333,39682.0029336948,39187.7297950345,38442.7963818826,38806.918495165,38921.2826499499,39234.6051406984,39150.9294342365,38920.7273411747,38920.2903513415
33559.7916666667,35228.2203234172,34926.6363720586,34325.1197425593,35356.4433586003,35131.7797240202,35164.22553057,35779.7366480345,35353.8391751209,34600.2598583058
31932,33990.4636596794,32846.1642131795,32739.4799200114,32939.575534076,32900.345235148,33243.4527270554,32257.0839220966,32976.4033287662,32729.0628483051
32710.5416666667,35546.6969004951,35043.3940685415,35415.1040765597,35393.7390128959,35000.7508341671,35455.8010485944,34778.8921995089,34902.5702899777,34393.1743730471
34080.2291666667,35604.3869989395,36559.2834945389,36420.6487319603,35581.2455155454,34823.9673966578,34796.9153635244,35726.6032822724,35008.5798387424,34703.6552591787
33123.4166666667,35421.2455054012,34915.691185585,35248.8095722839,35375.778946609,34859.1660285563,35545.5849947072,35389.853848295,35360.4096855062,34657.1355164237
35759.8333333333,37047.1314918339,38863.6513281383,37477.7677108136,37643.5555156813,37163.7048677113,36889.1362926092,38647.5448487462,37057.5669031289,37009.4038554854
33062.5416666667,36864.5225790463,37436.4797067281,36902.957602678,37094.5283842094,36535.9104845569,36668.7628419761,36696.993660206,35915.2581123741,37020.1849194415
32275.3333333333,33917.0044733743,34854.4306527902,34442.817465537,34527.5565553112,34179.8998424698,33367.7634172246,33884.1057078669,33647.7908401941,34436.1559337003
29755.7708333333,31632.0110161443,31436.4626816623,31468.5397694022,30912.3646008327,30620.5408328026,30316.0454802572,31247.8931343477,30782.7781714465,31758.7594534992
37062.3333333333,38030.2864226871,38033.3681780099,37203.4895235984,37536.5059264113,37527.9564312691,37812.5086144551,37943.7917933903,37162.165031452,38559.2439445794
38360.7708333333,39200.983871524,39607.7544385046,39476.9695968212,39367.449303915,39432.6385132844,39076.3119838862,39044.8863590288,38731.2975433356,39175.9482853545
37836.5,38509.082248247,39126.6221402139,39180.5479929442,38745.1736263553,38232.6408288542,38883.2911950593,38813.0434490308,38191.6965173455,38193.6376374233
37951,39355.6627313268,40205.7567412406,40103.1090418457,39722.836780796,39405.5097646671,39438.1839533613,40720.1465553203,39261.6818735026,39500.7714996935
34614.125,36757.4240208523,36931.2980738368,37005.2898888834,36616.1916199674,36486.8921929936,36325.7765714618,37007.7746500169,36696.4936121852,36571.6293648849
34625.4375,35328.9191887523,35479.0115631248,34914.1283045144,35355.8033631767,35714.8971450586,34686.3303556339,35649.201136467,34673.1629705598,35048.5375251451
34625.4375,34226.4479965718,34848.2831974553,34293.331826378,33373.6131519112,33698.66156088,33387.7656498152,33827.9304112259,33343.4205357975,34130.4047838637
